Time,Drought.Years
10,4.21174197627644
20,1.20281245369918
